country,1948,1949,1950,1951,1952,1953,1954,1955,1956,1957,1958,1959,1960,1961,1962,1963,1964,1965,1966,1967,1968,1969,1970,1971,1972,1973,1974,1975,1976,1977,1978,1979,1980,1981,1982,1983,1984,1985,1986,1987,1988,1989,1990,1991,1992,1993,1994,1995,1996,1997,1998,1999,2000,2001,2002,2003,2004,2005,2006,2007,2008,2009,2010,2011,2012,2013,2014,2015,2016,2017
Afghanistan,,,,,,,,,,,,,,,,,,,,,,,,,,,,,,,,,,,,,,,,,,,,,,,,,,,,,,,,,,,,,2.48,,,,1.91,,,,,
Albania,,,,,,,,,,,,,,,,,,,,,,,,,,,,,,,,,,,,,,,,,,,,,,,,,,,,,,,,,,,,10.6,8.29,7.65,8.12,10.1,7.43,9.6,11.9,11,,9.6
Algeria,,,,,,,,,,,,,,,,,,,,,,,,,,,,,,,,,,,,,,,,,,,,,,,,,,,,,,3.79,,,,1.32,1.04,1.47,1.01,1.49,1.46,1.54,2.03,1.52,,,,
Angola,,,,,,,,,,,,,,,,,,,,,,,,,,,,,,,,,,,,,,,,,,,,,,,,,,,,,,,,,,,,,,,3.9,5.75,,,,,,
Argentina,,,,,,,,,,,,,,,,,,,,,,,,,,,,,,,,,,,,,,,,,,,,,,,,,,,,,,,,,10.2,8.62,7.25,,4.65,5.08,4.53,4.14,4.17,3.76,3.57,,,4.29
Armenia,,,,,,,,,,,,,,,,,,,,,,,,,,,,,,,,,,,,,,,,,,,,,,,,,,,,,,,,,,,,,,,,,,,11.8,13,13.3,
Australia,,,,,,,,,,,,,,,,,,,,,,,,,,,,,,,,3.21,2.87,3.16,3.55,5.92,5.59,6.16,5.45,5.84,5.89,5.29,5.46,7.95,9.51,11,9.68,7.63,7.58,6.77,6.29,5.49,4.53,4.58,4.3,3.77,3.55,3.37,3.23,2.73,2.61,3.34,3.25,3.33,3.45,3.83,4.09,4.25,4.25,4.07
Austria,,,,,,,,,,,,,,,,,,,,,,,,,,,,,,,,,,,,,,,,,,,,,,,3.42,3.88,4.6,5.16,6.36,4.75,6.74,5.55,5.75,6.07,5.07,3.97,4.02,3.45,2.25,2.72,2.47,3.59,3.44,3.77,3.82,4.72,4.97,4.24
Azerbaijan,,,,,,,,,,,,,,,,,,,,,,,,,,,,,,,,,,,,,,,,,,,,,,,,,,,,,,,,,,,,,7.96,1.53,3.5,2.8,2.7,2.28,2.13,2.38,2.61,2.7
Bahamas,,,,,,,,,,,,,,,,,,,,,,,,,,,,,,,,,,,,,,,,,,,,,,,,,,,5.94,,,,,5.93,,8.16,,4.93,3.69,6.77,,6.05,,,,,,
Bahrain,,,,,,,,,,,,,,,,,,,,,,,,,,,,,,,,,,,,,,,,,,,,,,,,,,,,,,,,,,,,,,,0.25,,,,,,,
Bangladesh,,,,,,,,,,,,,,,,,,,,,,,,,,,,,,,,,,,,,,,,,,,,,,,,,,,,,,,,1.81,,1.97,1.85,,,,2.16,,,0.938,,,1.05,0.869
Barbados,,,,,,,,,,,,,,,,,,,,,,,,,,,,,,,,,,,,3.19,,,8.7,9.78,11.1,9.9,5.95,8.05,13,,,10.8,,4.95,,,,,,7.14,,,,,,5.77,6.03,,,7.2,6.25,5.53,4.69,
Belarus,,,,,,,,,,,,,,,,,,,,,,,,,,,,,,,,,,,,,,,,,,,,,,,,,,,,,,,,,,,,,,,,,,,,,5.13,5.82
Belgium,,,,,,,,,,,,,,,,,,,,,,,,,,,,,,,,,,,,5.42,5.87,4.97,6.15,5.25,6.25,4.22,3.56,2.75,2.82,3.55,4.92,3.96,4.48,4.67,5.32,5.66,3.22,2.98,3.48,1.68,3.63,4.43,4.76,4.24,4.36,5.11,4.63,4.03,4.49,5.39,5.37,5.62,5.66,5.87
Belize,,,,,,,,,,,,,,,,,,,,,,,,,,,,,,,,,,,,,,,,,,,,,,,,,,,,,,,,,,,,,,,,,12.8,,,4.73,0.79,4.84
Benin,,,,,,,,,,,,,,,,,,,,,,,,,,,,,,,,,,,,,,,,,,,,,,,,,,,,,,,,,,,,,,,0.31,0.799,,,,,,
Bhutan,,,,,,,,,,,,,,,,,,,,,,,,,,,,,,,,,,,,,,,,,,,,,,,,,,,,,,,,,,,,,,0.69,1.26,0.3,0.19,0.41,0.06,0.16,,
Bolivia,,,,,,,,,,,,,,,,,,,,,,,,,,,,,,,,,,,,,,,,,,,,,,,,2.56,,,,,,,,,,,,,,,,,,,,,,
Bosnia and Herzegovina,,,,,,,,,,,,,,,,,,,,,,,,,,,,,,,,,,,,,,,,,,,,,,,,,,,,,,,,,,,13.7,16,14,14.7,14.7,16.2,15.4,,13.3,14.6,15.9,11.2
Botswana,,,,,,,,,,,,,,,,,,,,,,,,,,,,,,,,,,,,,,13.2,,,,,,,,,,,16.5,,,,,,,,,,5.9,,,,,,,,,,,
Brazil,,,,,,,,,,,,,,,,,,,,,,,,,,,,,,,,,,,,,,,,,,,,,,,,,,,,,,,,,,,,,,,,,2.69,2.51,2.52,3.34,5.13,6.05
Brunei,,,,,,,,,,,,,,,,,,,,,,,,,,,,,,,,,,,,,,,,,,,,,,,,,,,,,,,,,,,,,,,,,,,3.56,,,1.92
Bulgaria,,,,,,,,,,,,,,,,,,,,,,,,,,,,,,,,,,,,,,,,,,,,,,,,,,,,,12.2,18.4,15,11.6,10.2,8.63,7.86,6.82,5.52,6.29,8.98,8.81,10.4,12.4,11.7,8.69,7.33,5.88
Burkina Faso,,,,,,,,,,,,,,,,,,,,,,,,,,,,,,,,,,,,,,,,,,,,,,,,,,,,,,,,,,,,,,,,,,,5.11,,,
Burundi,,,,,,,,,,,,,,,,,,,,,,,,,,,,,,,,,,,,,,,,,,,,,,,,,,,,,,,,,,,,,,,,,,,0.32,,,
Cambodia,,,,,,,,,,,,,,,,,,,,,,,,,,,,,,,,,,,,,,,,,,,,,,,,,,,,,,,,,,,,,,,,,0.413,,,,,
Cameroon,,,,,,,,,,,,,,,,,,,,,,,,,,,,,,,,,,,,,,,,,,,,,,,,,,,,,,,,,,,,,,,0.87,,,,,,,
Canada,,,,,,,,,,,,,,,,,,,,,,,,,,,,,4.21,5.19,5.61,4.74,4.68,4.57,7.08,8.42,8.14,8.39,7.45,7.12,6.33,6.36,6.09,8.26,9.29,9.96,9.19,8.33,7.81,7.6,6.86,5.95,5.48,5.82,6.26,6.27,5.92,5.37,5.23,5.06,5.37,6.96,6.59,6.63,6.2,6.33,6.15,6.08,6.36,5.77
Cape Verde,,,,,,,,,,,,,,,,,,,,,,,,,,,,,,,,,,,,,,,,,,,,,,,,,,,,,,,,,,,,,,,,,,,,28.8,,3.28
Chile,,,,,,,,,,,,,,,,,,,,,,,,,,,,,,,,,,,,9.08,7.27,,4.61,,3.42,3.01,2.02,2.08,1.69,2.15,2.94,2.57,4.09,4.09,4.54,7.46,7.02,6,5.67,5.74,5.45,4.97,4.64,4.73,4.6,6.68,4.46,4.06,3.57,3.09,3.85,3.23,4.12,4.2
Colombia,,,,,,,,,,,,,,,,,,,,,,,,,,,,,,,,,,,,,,,5.91,5.51,,,,,3.94,,,,4.3,,,,,7.92,8.41,7.59,7.14,6.13,,5.89,5.91,7.07,6.17,5.51,5.45,4.91,4.91,4.77,5,4.87
Comoros,,,,,,,,,,,,,,,,,,,,,,,,,,,,,,,,,,,,,,,,,,,,,,,,,,,,,,,,,2.54,,,,,,,,,,,,,
"Congo, Dem. Rep.",,,,,,,,,,,,,,,,,,,,,,,,,,,,,,,,,,,,,,,,,,,,,,,,,,,,,,,,,,1.91,,,,,,,1.43,,,,,
Costa Rica,,,,,,,,,,,,,,,,,,,,,,,,,,,,,,,,,,,,,,,,,,,,,,,,,,,,,,,,,,,,,,,,5.91,5.34,3.71,3.69,4.36,4.12,3.54
Cote d'Ivoire,,,,,,,,,,,,,,,,,,,,,,,,,,,,,,,,,,,,,,,,,,,,,,,,,,,,,,,,,,,,,,,,,2.18,2.86,,,0.877,
Croatia,,,,,,,,,,,,,,,,,,,,,,,,,,,,,,,,,,,,,,,,,,,,,,,,,,,,,,,7.25,6.75,6.49,7.23,6.03,6.07,5.48,5.83,6.54,7.73,10.4,9.91,11.6,11.6,9.57,7.47
Cuba,,,,,,,,,,,,,,,,,,,,,,,,,,,,,,,,,,,,,,,,,,,,,,,,,,,,,,,,,,,,,,0.42,0.6,,,,,,,
Cyprus,,,,,,,,,,,,,,,,,,,,,,,,,,,,,,,,,,,,,,,,,,,,,,,,,,,,,3.48,5.46,3.52,4.37,5.34,3.55,3.26,3.11,3.25,4.32,4.73,4.86,9.67,12.4,16.3,15.6,11.5,7.84
Czech Republic,,,,,,,,,,,,,,,,,,,,,,,,,,,,,,,,,,,,,,,,,,,,,,3.91,3.55,2.92,3.62,3.83,3.78,4.86,5.26,4.45,3.89,4.43,5.43,5.16,5.32,4.64,3.88,5.66,6.5,5.81,5.83,5.81,4.93,4.38,3.82,2.4
Denmark,,,,,,,,,,,,,,,,,,,,,,,,,,,,,,,,,,,,6.19,5.06,5.93,5,5.87,5.92,7.14,6.12,8.61,8.56,8.82,6.47,8.02,6.11,5.06,5.08,4.24,4.04,3.97,4.68,3.9,5.63,5.17,3.89,3.42,2.61,4.13,5.45,5.75,5.48,5.14,4.81,4.36,4.03,3.72
Dominica,,,,,,,,,,,,,,,,,,,,,,,,,,,,,,,,,,,,,,,,,,,,,,,,,,,,7.66,,,,,,,,,,,,,,,,,,
Dominican Republic,,,,,,,,,,,,,,,,,,,,,,,,,,,,,,,,,,,,,,,,,,,,,,,,,,,,,,,,,,,,,,,,,,,,2.21,2.29,1.18
Ecuador,,,,,,,,,,,,,,,,,,,,,,,,,,,,,,,,,,,,,,,,,,,,,,,,,4.41,5.49,5.62,,2.18,1.49,,3.69,2.65,0.793,1.29,1.07,1.69,1.51,1.61,0.795,1.01,1.11,1.22,1.17,1.84,1.31
Egypt,,,,,,,,,,,,,,,,,,,,,,,,,,,,,,,,,,,,,,,,,,,,,,,,,,,,,,,,,,,,,0.128,0.482,0.286,2.05,0.352,0.61,1.01,0.608,1.12,0.33
El Salvador,,,,,,,,,,,,,,,,,,,,,,,,,,,,,,,,,,,,,,,,,,,,,,,,,4.23,5.16,4.29,,,,,,,,4.96,5.87,,,,,,,,,,
Estonia,,,,,,,,,,,,,,,,,,,,,,,,,,,,,,,,,,,,,,,,,,,0.211,0.62,2.07,3.48,5.16,6.24,6.24,5.55,5.35,6.09,8.56,9.23,10.2,7.4,4.58,5.43,4.14,3.56,4.08,9.34,16.3,11.6,7.16,6.05,5.44,6.04,8.05,5.73
Ethiopia,,,,,,,,,,,,,,,,,,,,,,,,,,,,,,,,,,,,,,,,,,,,,,,,,,,,1.77,,,,,,1.02,,,,,,,,0.685,,,,
Fiji,,,,,,,,,,,,,,,,,,,,,,,,,,,,,,,,,,,,,,,,,,,,,,,,,,,,,,,,,,0.786,,,,,,0.894,,,0.68,,,
Finland,,,,,,,,,,,,,,,,,,,,,,,,,,,,,,,,,,,,,,,,,,,2.25,5.07,10.8,15.7,19,13.1,14.8,12.8,13.3,10.4,9.38,8.97,7.51,8.25,8.35,6.88,6.77,6.35,5.39,6.23,6.52,6.42,6.58,6.95,7.27,8.02,7.52,7.82
France,,,,,,,,,,,,,,,,,,,,,,,,,,,,,,,,,,,,6.28,6.57,6.86,7.39,7.8,7.66,7.09,6.52,6.51,7.48,7.34,6.68,6.49,8.12,7.9,8.32,8.11,7.35,5.84,5.3,4.75,5.64,4.57,4.96,4.38,4,5.41,5.77,5.71,6.2,7.01,7.45,7.36,7.21,6.51
Gabon,,,,,,,,,,,,,,,,,,,,,,,,,,,,,,,,,,,,,,,,,,,,,,,,,,,,,,,,,,,,,,,6.89,,,,,,,
Gambia,,,,,,,,,,,,,,,,,,,,,,,,,,,,,,,,,,,,,,,,,,,,,,,,,,,,,,,,,,,,,,,,,8.49,,,,,
Georgia,,,,,,,,,,,,,,,,,,,,,,,,,,,,,,,,,,,,,,,,,,,,,,,,,,,,,,,,,,,,,,,,,,,,,,8.6
Germany,,,,,,,,,,,,,,,,,,,,,,,,,,,,,,,,,,,,4.42,4.42,6.07,6.8,7.21,7.34,8,7.46,7.29,8.51,10.4,12,11.6,13.3,15.2,15.4,14.2,12.7,12,11.2,12.6,12.8,12.7,12.4,10.3,8.47,7.99,7.6,6.42,5.86,5.69,5.11,4.7,3.88,3.39
Ghana,,,,,,,,,,,,,,,,,,,,,,,,,,,,,,,,,,,,,,,,,,,,,,,,,,,,,,,,,,,,,,,,,,,,2.9,,
Greece,,,,,,,,,,,,,,,,,,,,,,,,,,,,,,,,,,,,2.56,2.33,2.13,1.92,2.06,1.81,1.75,1.62,1.76,2.38,2.77,3.1,3.4,2.97,3.2,3.16,4.27,3.7,4.05,3.8,3.11,4.24,3.77,3.7,3.36,3.24,4.57,6.23,8.41,13.5,16.2,17.2,17.5,19.2,18.1
Grenada,,,,,,,,,,,,,,,,,,,,,,,,,,,,,,,,,,,,,,,,,,,,,,,18.2,,11.8,,6.55,,,,,,,,,,,,,,,,,,,
Guatemala,,,,,,,,,,,,,,,,,,,,,,,,,,,,,,,,,,,,,,,,,,,,,,,,,,,,,,,,,1.29,,,,,,1.92,1.19,0.697,0.378,,0.631,0.829,
Guinea,,,,,,,,,,,,,,,,,,,,,,,,,,,,,,,,,,,,,,,,,,,,,,,,,,,,,,,2.56,,,,,,,,,,,,,,,
Guyana,,,,,,,,,,,,,,,,,,,,,,,,,,,,,,,,,,,,,,,,2.32,,,,,,,,,,,,,,,,,,,,,,,,,,,,,,
Honduras,,,,,,,,,,,,,,,,,,,,,,,,,,,,,,,,,,,,,,,,,,,,,,,,,,,,,,,,,,1.23,0.987,0.947,1.22,0.853,1.77,1.6,1.27,0.971,1.6,1.46,2.79,1.9
Hungary,,,,,,,,,,,,,,,,,,,,,,,,,,,,,,,,,,,,,,,,,,,,,5.6,8.44,6.97,5.42,5.87,5.58,6.13,2.73,3.12,2.84,2.94,2.85,2.87,3.87,3.97,4.38,5.12,6.49,7.9,9.18,8.4,8.05,6.37,5.77,4.4,3.59
Iceland,,,,,,,,,,,,,,,,,,,,,,,,,,,,,,,,,,,,,,,,,,,,2.13,2.76,4.36,3.79,3.12,3.04,2.61,1.88,,,,1.53,2.79,4.54,1.43,1.41,0.894,1.59,3.66,4.36,5.46,4.24,3.22,3,3.21,2.09,1.8
India,,,,,,,,,,,,,,,,,,,,,,,,,,,,,,,,,,,,,,,,,,,,,,,0.09,,,,,,0.136,,,,,0.363,,,,,0.21,,0.304,,,,,
Indonesia,,,,,,,,,,,,,,,,,,,,,,,,,,,,,,,,,,,,,,,,,,,,,,,,,,,,0.35,0.417,1.12,1.19,1.63,1.52,0.928,0.981,1.15,0.814,0.952,1.21,0.89,0.776,0.711,0.669,0.656,0.684,0.767
Iran,,,,,,,,,,,,,,,,,,,,,,,,,,,,,,,,,,,,,,,,,,,,,,,,,,,,,,,,,,,,3.27,2.89,4.11,5.48,,,,2.76,3.44,4.43,3.78
Iraq,,,,,,,,,,,,,,,,,,,,,,,,,,,,,,,,,,,,,,,,,,,,,,,,,,,,,,,,,,,,3.05,,,,,3.07,,,,,
Ireland,,,,,,,,,,,,,,,,,,,,,,,,,,,,,,,,,,,,7.93,10.2,10.3,10.6,12.2,11.8,11.2,9.5,9.41,8.36,8.21,8.42,7.74,6.77,6.16,5.05,4.26,2.53,2.64,2.37,2.37,2.42,2.79,2.42,2.47,3.42,6.51,8.72,9.61,10.5,10.8,9.52,7.74,6.4,5.74
Israel,,,,,,,,,,,,,,,,,,,,,,,,,,,1.78,,,,,,,,,,,,,,,,4.68,9.21,9.37,8.87,6.46,6.06,5.96,6.46,8.41,8.67,8.73,8.23,8.24,8.42,9.51,8.89,8.19,6.83,5.78,6.92,6.4,5.51,4.79,4.41,4.1,3.92,3.79,3.44
Italy,,,,,,,,,,,,,,,,,,,,,,,,,,,,,,,,,,,,1.73,1.8,1.5,2.06,2.21,1.72,2.24,1.75,1.89,2.2,3.1,3.58,4.22,4.49,4.56,4.66,4.9,4.66,4.63,4.16,4.24,4.15,3.51,2.88,2.41,3.11,3.4,3.58,3.84,5.26,5.73,5.48,5.54,5.74,5.78
Jamaica,,,,,,,,,,,,,,,,,,,,,,,,,,,,,,,,,,,,,,,,,,,4.89,,,,7.43,,,,4.77,,,,,4.76,3.53,,,,4.25,,,,5.61,5.31,4.85,5.92,4.75,4.5
Japan,,,,,,,,,,,,,,,,,,,,,1.2,1.2,1.3,1.5,1.7,1.5,1.6,2.3,2.6,2.8,3,3.1,2.8,3.2,3.4,3.7,3.9,3.7,4.1,4.2,3.6,3.1,2.7,2.5,2.5,3,3.6,3.7,4.2,4,5,5.4,5.5,5.7,5.9,5.6,4.5,4.1,3.9,3.4,3.6,4.7,5,4.43,4.1,3.7,3.2,3.1,2.9,2.7
Kazakhstan,,,,,,,,,,,,,,,,,,,,,,,,,,,,,,,,,,,,,,,,,,,,,,,,,,,,,,,5.14,5.18,6.13,,,,7.55,6.59,6,5.27,5.05,4.18,,,,
Kenya,,,,,,,,,,,,,,,,,,,,,,,,,,,,,,,,,,,,,,,,,,,,,,,,,,,,5.99,,,,,,,,,,,,,,,,,,
Kuwait,,,,,,,,,,,,,,,,,,,,,,,,,,,,,,,,,,,,,,,,,,,,,,,,,,,,,,,,,,,,,,,,,,,,0.17,0.59,
Kyrgyz Republic,,,,,,,,,,,,,,,,,,,,,,,,,,,,,,,,,,,,,,,,,,,,,,,,,,,,,,,6.45,,3.65,3.09,5.36,,,3.41,3.49,3.81,3.89,6.15,4.45,3.75,2.81,2.8
Lao,,,,,,,,,,,,,,,,,,,,,,,,,,,,,,,,,,,,,,,,,,,,,,,,,,,,,,,,,,,,,,,0.471,,,,,,,2.99
Latvia,,,,,,,,,,,,,,,,,,,,,,,,,,,,,,,,,,,,,,,,,,,,,,,,,,,10.9,8.31,9.39,12.2,9.65,10.1,10.2,8.94,6.68,4.47,6.3,13.8,16,14.9,14.7,10.5,9.87,9.28,9.19,8.26
Lebanon,,,,,,,,,,,,,,,,,,,,,,,,,,,,,,,,,,,,,,,,,,,,,,,,,,,,,,,,,3.12,,,4.01,,,,,,,,,,
Lesotho,,,,,,,,,,,,,,,,,,,,,,,,,,,,,,,,,,,,,,,,,,,,,,,,,,,,20.6,,,,,,,,,32.6,,,,,16.2,,,,
Liberia,,,,,,,,,,,,,,,,,,,,,,,,,,,,,,,,,,,,,,,,,,,,,,,,,,,,,,,,,,,,,,,0.719,,,,,,,
Libya,,,,,,,,,,,,,,,,,,,,,,,,,,,,,,,,,,,,,,,,,,,,,,,,,,,,,,,,,,,,,,,,,2.89,,,,,
Lithuania,,,,,,,,,,,,,,,,,,,,,,,,,,,,,,,,,,,,,,,,,,,,,,,,,,,6.22,5.08,9.62,14.7,9.81,14,11,6.9,6.11,3.74,4.43,10.5,14.4,13.4,11.9,11.2,10.7,8.74,7.75,7.29
Luxembourg,,,,,,,,,,,,,,,,,,,,,,,,,,,,,,,,,,,,0.897,1.52,0.685,0.538,,,0.642,0.569,1.04,1.23,,,,,,,0.992,1.37,,,1.48,1.53,2.12,1.37,2.05,2.72,3,2.29,2.76,2.14,4.69,4.28,4.73,4.99,3.26
"Macedonia, FYR",,,,,,,,,,,,,,,,,,,,,,,,,,,,,,,,,,,,,,,,,,,,,,,,,,,,,,,,,,,28.4,28,28.5,26.3,27.8,28.2,25.1,24.1,22.7,20.8,17.7,16.6
Madagascar,,,,,,,,,,,,,,,,,,,,,,,,,,,,,,,,,,,,,,,,,,,,,,,,,,,,,,,,,,,,,,,,,0.169,,,,,
Malawi,,,,,,,,,,,,,,,,,,,,,,,,,,,,,,,,,,,,,,,,,,,,,,,,,,,,,,,,,,,,,,,,,,5.63,,,,
Malaysia,,,,,,,,,,,,,,,,,,,,,,,,,,,,,,,,,,,,,,,,,,,,,,,,,,,,,,,,,,,,0.64,1.23,1.58,1.55,1.03,0.86,0.92,0.35,0.29,0.35,
Maldives,,,,,,,,,,,,,,,,,,,,,,,,,,,,,,,,,,,,,,,,,,,,,,,,,,,,,,,,,,,,,,,,,,,,,1.37,
Mali,,,,,,,,,,,,,,,,,,,,,,,,,,,,,,,,,,,,,,,,,,,,,,,,,,,,,,,,,,,,,,,2.79,,,,4.93,,0.65,
Malta,,,,,,,,,,,,,,,,,,,,,,,,,,,,,,,,,,,,,,,,,,,,,,,,,,,,,3.18,,1.78,2.63,3.35,3.37,2.61,3.49,3.94,5.82,4.16,2.91,3.83,5.71,6.31,4.77,3.16,2.91
Mauritania,,,,,,,,,,,,,,,,,,,,,,,,,,,,,,,,,,,,,,,,,,,,,,,,,,,,,,,,,,,,,,,,,4.92,,,,,
Mauritius,,,,,,,,,,,,,,,,,,,,,,,,,,,,,,,,,,,,,,,,,,,,,,,,1.72,,,,,,1.96,1.38,1.45,2.44,2.46,2.78,3.18,3.73,1.5,1.84,2.93,2.74,2.28,2.83,1.74,1.61,1.01
Mexico,,,,,,,,,,,,,,,,,,,,,,,,,,,,,,,,,,,,,,,,,,,,0.984,1.02,1.26,1.95,3.85,2.43,1.44,1.14,0.928,1.38,1.24,1.24,1.49,1.69,1.91,1.81,1.9,2.1,2.96,3.08,2.83,2.77,2.68,2.6,2.4,2.04,1.9
Moldova,,,,,,,,,,,,,,,,,,,,,,,,,,,,,,,,,,,,,,,,,,,,,,,,,,,,,,,2.61,3.09,3.38,3.42,3.45,2.73,2.37,3.33,3.42,3.25,2.55,2.59,1.66,2.04,1.95,2.11
Monaco,,,,,,,,,,,,,,,,,,,,,,,,,,,,,,,,,,,,,,,,,,,,,,,,,,,,,4.24,,,,,,,,,,,,,,,,5.22,
Mongolia,,,,,,,,,,,,,,,,,,,,,,,,,,,,,,,,,,,,,,,,,,,,,,,,,,,,,,,,,,,,,0.878,1.8,1.57,0.911,0.974,1.13,1.93,1.8,1.74,1.56
Montenegro,,,,,,,,,,,,,,,,,,,,,,,,,,,,,,,,,,,,,,,,,,,,,,,,,,,,,,,,,,,,,,,,11.8,9.09,10.2,10.9,10.9,8.44,7.2
Morocco,,,,,,,,,,,,,,,,,,,,,,,,,,,,,,,,,,,,,,,,,,,,,,,,,,,1.38,0.94,,0.51,0.38,0.69,0.5,0.57,0.48,,0.72,,,1.01,1.33,,,,,
Mozambique,,,,,,,,,,,,,,,,,,,,,,,,,,,,,,,,,,,,,,,,,,,,,,,,,,,,,,,,,,,,,,,,,,,,0.513,,
Myanmar,,,,,,,,,,,,,,,,,,,,,,,,,,,,,,,,,,,,,,,,,,,,,,,,,,,,,,,,,,,,,,,,,,,,0.427,,0.617
Namibia,,,,,,,,,,,,,,,,,,,,,,,,,,,,,,,,,,,,,,,,,,,,,,,,,,,,,,,,,7.43,,,,,,,,4.35,2.58,3.24,,5.28,
Nauru,,,,,,,,,,,,,,,,,,,,,,,,,,,,,,,,,,,,,,,,,,,,,,,,,,,,,,,11.6,,,,,,,,,,,,,,,
Nepal,,,,,,,,,,,,,,,,,,,,,,,,,,,,,,,,,,,,,,,,,,,,,,,,,,,,,,,,,,,,,0.205,,,,,,,,,
Netherlands,,,,,,,,,,,,,,,,,,,,,,,,,,,,,,,,,,,,6.59,,4.52,,5.81,5.67,4.53,3.77,4.9,3.05,3.56,3.3,3.51,4.04,3.91,2.3,2.69,1.87,1.51,2.07,2.15,3.63,4.07,3.82,3.6,3.2,3.1,4.03,4.66,5.25,6.78,7.75,8.07,7.15,5.54
New Zealand,,,,,,,,,,,,,,,,,,,,,,,,,,,,,,,,,,,,,,,1.54,1.9,2.73,3.93,4.73,5.45,6.71,5.74,4.8,3.4,3.7,4.11,4.78,5.04,4.72,3.61,3.28,3.61,2.46,1.93,2.02,1.44,2.02,3.19,3.45,3.29,4.07,4,3.22,3.32,3.15,2.83
Nicaragua,,,,,,,,,,,,,,,,,,,,,,,,,,,,,,,,,,,,,,,,,,,,,,,,,,,,,,,,,,,2.28,,,,,,2.17,,,,,
Nigeria,,,,,,,,,,,,,,,,,,,,,,,,,,,,,,,,,,,,,,,1.02,,,,,,,,,,,,,,,,,,,,,,,,,,,,,,,
Norway,,,,,,,,,,,,,,,,,,,,,,,,,,,,,,,,,,,,,,,,,,,2.52,2.55,2.99,2.63,2.6,3.01,2.06,1.45,1.8,0.91,0.887,1.21,1.2,1.05,1.25,1.53,1.1,0.943,1.01,1.09,1.39,1.22,1.22,1.25,1.28,1.63,1.94,1.79
Pakistan,,,,,,,,,,,,,,,,,,,,,,,,,,,,,,,,,,,,,,,,,,,0.62,,,,,7.03,,6.58,6.94,,8.31,,8.75,,8.75,,0.251,0.0363,0.0806,0.256,0.214,0.163,,1.71,0.403,2.43,,
Palau,,,,,,,,,,,,,,,,,,,,,,,,,,,,,,,,,,,,,,,,,,,,,,,,6.59,,,,,2.35,,,,,,,,,,,,,,,,,
Palestine,,,,,,,,,,,,,,,,,,,,,,,,,,,,,,,,,,,,,,,,,,,,,,,,7.46,,,,,7.2,15.6,21.3,16.6,18.8,15.3,14.5,13.1,17,13.9,15.8,10.6,10.8,10.8,12.6,13.1,12.9,14.1
Panama,,,,,,,,,,,,,,,,,,,,,,,,,,,,,,,,,,,,,,,,,,,,,,,,,,,,,,,,,,,,,,3.57,1.07,0.979,1.04,0.761,0.422,0.686,0.718,1.22
Papua New Guinea,,,,,,,,,,,,,,,,,,,,,,,,,,,,,,,,,,,,,,,,,,,,,,,,,,,,,,,,,,,,,,,1.78,,,,,,,
Paraguay,,,,,,,,,,,,,,,,,,,,,,,,,,,,,,,,,,,,,,,,,,,,,,,1.7,,,,,,,,4.91,2.78,3.35,1.47,1.14,1.92,1.63,2.05,2.19,1.71,1.11,1.8,1.42,2.07,1.89,1.96
Peru,,,,,,,,,,,,,,,,,,,,,,,,,,,,,,,,,,,,,,,,,,,,,,,,,,,,,,,4.99,3.51,2.46,3.4,2.69,2.84,2.55,2.58,2.39,2.13,1.5,1.58,1.04,1.67,1.76,1.54
Philippines,,,,,,,,,,,,,,,,,,,,,,,,,,,,,,,,,,,,,,1.66,,6.13,5.67,5.1,4.54,4.97,4.87,5.48,5.42,5,4.66,4.96,5.45,4.64,5.44,0.54,5.74,0.486,0.512,0.573,0.616,0.571,0.455,0.462,0.452,0.438,0.49,0.472,0.503,,0.445,0.476
Poland,,,,,,,,,,,,,,,,,,,,,,,,,,,,,,,,,,,,,,,,,,,,,7.12,6.54,7.04,5.94,5.85,5.26,5.41,7.34,9.74,9.4,10.3,10.6,10.7,10.8,8.49,6.82,5.29,6.27,7.14,6.91,7.45,7.74,6.81,5.45,4.4,3.68
Portugal,,,,,,,,,,,,,,,,,,,,,,,,,,,,,,,,,,,,,,,2.37,2.56,2.34,1.82,1.74,1.91,2.03,3.36,3.67,4.01,4.97,5.15,3.43,3.58,3.25,2.49,3.44,4.29,5.63,6.1,6.31,6.52,6.59,7.64,8.89,10.8,12.7,13.7,13.5,12.5,11,8.54
Romania,,,,,,,,,,,,,,,,,,,,,,,,,,,,,,,,,,,,,,,,,,,,,,,,,,0.864,0.532,0.927,1.09,1.72,1.52,1.93,3.31,2.44,2.58,2.3,2.49,2.98,3.34,3.72,3.39,3.7,3.29,3.74,3.22,3.16
Russia,,,,,,,,,,,,,,,,,,,,,,,,,,,,,,,,,,,,,,,,,,,,,4.47,4,5.25,5.59,6.4,7.76,8.8,9.69,7.3,5.93,4.95,4.73,4.81,3.96,3.69,3.12,4.05,5.58,4.91,4.45,3.28,3.62,3.57,3.71,3.69,3.84
Rwanda,,,,,,,,,,,,,,,,,,,,,,,,,,,,,,,,,,,,,,,,,,,,,,,,,0.24,,,,,,,,,,,,,,,,,,,,,12.7
Samoa,,,,,,,,,,,,,,,,,,,,,,,,,,,,,,,,,,,,,,,,,,,,,,,,,,,,,,,,,,,,,,,,,2.75,,2.72,,,
San Marino,,,,,,,,,,,,,,,,,,,,,,,,,,,,,,,,,,,,,,,,,,,,,,,,,,,,,,,,,,,,,,2.18,1.86,,,,,4,3.27,
Saudi Arabia,,,,,,,,,,,,,,,,,,,,,,,,,,,,,,,,,,,,,,,,,,,,,,,,,,,,0.69,0.7,0.91,0.65,,,,0.22,0.21,0.11,,,,,,0.08,0.02,0.25,
Senegal,,,,,,,,,,,,,,,,,,,,,,,,,,,,,,,,,,,,,,,,,,,,,,,,,,,,,,,,,,,,,,,,,,,,3,,
Serbia,,,,,,,,,,,,,,,,,,,,,,,,,,,,,,,,,,,,,,,,,,,,,,,,,,,,,,,,,,10.3,9.53,10.5,7.44,9.95,11.9,14.9,17.2,15.3,12.4,11.5,8.98,8.07
Seychelles,,,,,,,,,,,,,,,,,,,,,,,,,,,,,,,,,,,,,,,,,,,,,,,,,,,,,,,,,,,,,,,,2.51,,,1.5,1.4,1.67,1.2
Sierra Leone,,,,,,,,,,,,,,,,,,,,,,,,,,,,,,,,,,,,,,,,,,,,,,,,,,,,,,,,,,,,,,,,,,,1.29,,,
Singapore,,,,,,,,,,,,,,,,,,,,,,,,,,,,,,,1.39,0.85,1.28,,0.71,1.12,2.02,,5.37,3.45,1.7,0.93,,0.79,1.39,1.7,2.15,1.61,2.96,2,2.75,4.42,,3.08,5.25,4.54,5.08,,4.51,4.02,3.52,5.52,3.21,3.41,3.08,3.13,2.96,3.44,3.45,
Slovak Republic,,,,,,,,,,,,,,,,,,,,,,,,,,,,,,,,,,,,,,,,,,,,,,,9.04,7.57,6.57,6.79,6.25,10.3,12.7,11.7,16.1,12.6,16.1,13.4,9.78,8.19,6.42,7.68,10.1,10.1,11.2,11,10.6,9.34,8.98,6.03
Slovenia,,,,,,,,,,,,,,,,,,,,,,,,,,,,,,,,,,,,,,,,,,,,,,,,,3.12,3.3,2.36,3.74,6.1,4.83,2.45,3.85,2.94,4.22,2.53,3.27,4.03,3.57,3.96,6.26,6.16,7,7.79,7.75,6.47,6.39
South Africa,,,,,,,,,,,,,,,,,,,,,,,,,,,,,,,,,,,,,,,,,,,,,,,,,,,,,10.2,11.9,13.2,12.8,9.72,10.5,8.66,8.94,6.74,6.27,7.59,6.22,7.05,7.71,7.65,8.69,9.08,9.58
South Korea,,,,,,,,,,,,,,,,,,,,,,,,,,,,,,,,,2.19,2,1.42,1.36,1.4,1.34,1.21,1.02,0.828,0.823,0.809,0.62,0.688,0.666,0.625,0.868,0.664,1.06,4.06,4.5,2.9,2.3,1.71,2.09,2.24,2.53,2.36,2.17,1.96,2.35,2.9,2.47,2.49,2.14,2.51,2.78,2.77,2.46
South Sudan,,,,,,,,,,,,,,,,,,,,,,,,,,,,,,,,,,,,,,,,,,,,,,,,,,,,,,,,,,,,,7.57,,,,,,,,,
Spain,,,,,,,,,,,,,,,,,,,,,,,,,,,,,,,,,,,,,,,11.4,9.48,9.04,9.14,8.22,8.15,9.12,10.8,12.8,12.3,11.6,11.5,10.3,9.63,9.82,6.34,7.07,6.82,7.47,6.3,5.76,5.97,7.36,12.1,14.2,15.1,18,20,20,18.6,17,15.3
Sri Lanka,,,,,,,,,,,,,,,,,,,,,,,,,,,,,,,,,,,,,,,,,,,,,,,,,,,,,,,,,,,,,,1.23,0.96,,,,,,,
St. Kitts and Nevis,,,,,,,,,,,,,,,,,,,,,,,,,,,,,,,,,2.02,,,,,,,,,,,1.64,,,,,,,,,,2.19,,,,,,,,,,,,,,,,
St. Lucia,,,,,,,,,,,,,,,,,,,,,,,,,,,,,,,,,,,,,,,,,,,,,,,,,,,,,,,,14.6,14,,,,,,,,,,,,,
St. Vincent and the Grenadines,,,,,,,,,,,,,,,,,,,,,,,,,,,,,,,,,,,,,,,,,,,,7.93,,,,,,,,,,,,,,,,,,,,,,,,,,
Suriname,,,,,,,,,,,,,,,,,,,,,,,,,,,,,,,,,,,,,,,,,,,,,,,,,,,,,,,,,,,,,,3.22,1.96,2.98,1.9,3,2.13,0.89,,
Swaziland,,,,,,,,,,,,,,,,,,,,,,,,,,,,,,,,,,,,,,,,,,,,,,,,,,,,,,,,,,,,,,,,,,,,,7.38,
Sweden,,,,,,,,,,,,,,,,,,,,,,,,,,,,,,,,,,,,,,,,,,,1.51,2.19,3.28,5.69,6.93,7.69,8.32,9.78,6.66,6.91,5.91,4.45,4.32,4.47,5,4.39,4.37,3.96,3.76,5.26,5.78,5.22,5.2,5.08,5.41,5.34,5.29,5.09
Switzerland,,,,,,,,,,,,,,,,,,,,,,,,,,,,,,,,,,,,,,,,,,,,1.07,2.33,3.48,4.07,3.13,3.17,2.9,3.12,2.54,2.72,1.7,1.99,2.49,3.22,3.71,3.05,3.12,2.56,2.72,3.49,3.53,3.35,3.26,3.32,4.03,3.77,3.83
Syria,,,,,,,,,,,,,,,,,,,,,,,,,,,,,,,,,,,,,,,,,,,,,,,,,,,,,,,3.24,2.17,,,,0.95,,1.38,1.15,,,,,,,
Tajikistan,,,,,,,,,,,,,,,,,,,,,,,,,,,,,,,,,,,,,,,,,,,,,,,,,,,,,,,,,,,,,,7.7,,,,,,,,
Tanzania,,,,,,,,,,,,,,,,,,,,,,,,,,,,,,,,,,,,,,,,,,,,,,,,,,,,,,1.1,,,,,1.18,,,,,,,,0.499,,,
Thailand,,,,,,,,,,,,,,,,,,,,,,,,,,,,,0.3,,,,,,1.49,,1,,,1.09,0.4,0.51,0.48,,,,0.0659,,0.726,0.264,0.918,0.425,0.451,0.3,,0.38,0.26,0.21,0.14,0.24,0.11,0.29,0.0495,0.13,0.11,0.0259,0.0521,0.0499,0.0578,
Timor-Leste,,,,,,,,,,,,,,,,,,,,,,,,,,,,,,,,,,,,,,,,,,,,,,,,,,,,,,,,,,,,,,,,,,4.81,,,,
Togo,,,,,,,,,,,,,,,,,,,,,,,,,,,,,,,,,,,,,,,,,,,,,,,,,,,,,,,,,,,,,,,,0.922,,,,,,
Trinidad and Tobago,,,,,,,,,,,,,,,,,,,,,,,,,,,,,,,,,,,,1.52,,7.8,8.51,30,11.2,11.1,6.64,9.03,,9.77,,10.3,9.33,,7.06,6.43,6.25,,4.4,,,5.71,3.8,4.21,2.73,1.99,1.99,1.65,1.84,1,0.7,0.98,1.06,
Tunisia,,,,,,,,,,,,,,,,,,,,,,,,,,,,,,,,,,,,,,,,,,,,,,,,,,5.63,,,,,,,,2.86,3.46,2.2,2.44,1.62,2.94,2.29,2.37,1.95,,,,
Turkey,,,,,,,,,,,,,,,,,,,,,,,,,,,,,,,,,,,,,,,,,,,3.08,2.49,2.74,2.77,2.31,2.46,1.56,1.52,1.84,1.95,2.15,2.28,3.52,3.72,3.64,3.93,3.57,3.51,4.36,5.64,5.01,4.33,3.88,4.66,5.99,6.67,6.18,6.49
Ukraine,,,,,,,,,,,,,,,,,,,,,,,,,,,,,,,,,,,,,,,,,,,,,,,,,,,,,,,,,3.08,2.24,,,,2.91,2.71,2.43,2.1,2.36,3.89,3.89,4.81,5.61
United Arab Emirates,,,,,,,,,,,,,,,,,,,,,,,,,,,,,,,,,,,,,,,,,,,,,,,,,,,,,,,,,,,,,,,,,,,,,1.27,0.891
United Kingdom,,,,,,,,,,,,,,,,,,,,,,,,,,,,,,,,,,,,8.13,7.93,8.67,8.81,9.67,9.03,7.71,7.33,7.75,8.15,10,9.13,7.63,7.09,6.34,5.36,5.13,4.49,3.27,3.46,3.32,3.09,2.75,3.01,3.21,3.14,4.59,4.74,5.01,4.94,4.81,4.04,3.45,3.69,3.54
United States,3.1,5.2,4.8,3.1,2.4,2.7,4.5,4.2,3.5,3.4,5.2,4.4,4.2,5.4,4.2,4.1,3.7,3.1,2.5,2.4,2,1.9,2.7,3.3,3.2,2.6,2.8,4.6,4.5,3.9,2.9,2.9,3.3,3.7,5.4,5.6,4.7,4.3,4.1,3.5,3.2,3.2,3.3,4.1,5.1,4.7,4.11,3.59,3.44,2.92,2.59,2.68,2.47,3.04,3.9,4.12,3.78,3.32,2.98,3.09,3.71,6.61,7.13,6.64,5.95,5.34,4.35,3.78,3.56,3.1
Uruguay,,,,,,,,,,,,,,,,,,,,,,,,,,,,,,,,,,,,,7.82,,,,,,5.45,4.27,4.13,2.92,2.73,3.89,,,3.9,,6.73,8.11,,8.32,6.23,5.76,5.59,4.38,4.06,3.58,2.95,2.62,2.22,2.47,2.55,3.14,3.48,2.98
Vanuatu,,,,,,,,,,,,,,,,,,,,,,,,,,,,,,,,,,,,,,,,,,,,,,,,,,,,,,,,,,,,,,2.15,,,,,,,,
Venezuela,,,,,,,,,,,,,,,,,,,,,,,,,,,,,,,,,,,,,,,,,,,,,,,,,,,,,,,,,,7.03,4.82,4.13,3.25,3.06,3.44,3.33,3.01,,,,,
Vietnam,,,,,,,,,,,,,,,,,,,,,,,,,,,,,,,,,,,,,,,,,,,,,,,,,,,,,,,,,0.61,,,0.46,,0.175,0.196,0.16,0.117,0.212,0.203,0.438,0.504,0.476
Yemen,,,,,,,,,,,,,,,,,,,,,,,,,,,,,,,,,,,,,,,,,,,,,,,,,,,,5.62,,,,,,,,,,,,,,,4.5,,,
Zambia,,,,,,,,,,,,,,,,,,,,,,,,,,,,,,,,,,,,,,,,,,,,,,,,,,,,,,,,,,,,,,,,,2.3,,,,,
Zimbabwe,,,,,,,,,,,,,,,,,,,,,,,,,,,,,,,,,,,,,,,,,,,,,,,,,,0.9,,0.58,,,,,0.93,,,,,,,1.29,,,6.48,,,
